program_id,program_name,program_creation_date
1,Mechanical Engineering,2000-05-15
2,Computer Science,2003-04-18
3,Biomedical Engineering,2007-10-12
4,Cyber Security Track,2008-02-26
5,Embedded Systems Track,2009-06-03
6,Artificial Intelligence Track,2014-08-14