institution_program_id,institution_id,program_id,program_manager_id,program_assignment_date
1,1,1,1,2000-05-15
2,1,2,1,2003-04-18
3,2,1,3,2000-05-15
4,2,3,3,2007-10-12
5,3,4,6,2008-02-26
6,3,5,6,2009-06-03
7,3,6,6,2014-08-14